user_id,account_id,role,signup_date
1,1,Asset Planner,2025-03-15
2,1,Asset Planner,2025-03-15
3,2,Data Analyst,2026-02-23
4,2,Network Engineer,2026-02-23
5,2,Asset Planner,2026-02-23
6,3,Network Engineer,2025-03-17
7,3,Data Analyst,2025-03-17
8,3,Network Engineer,2025-03-17
9,3,Data Analyst,2025-03-17
10,4,Data Analyst,2026-03-08
11,4,Data Analyst,2026-03-08
12,5,Data Analyst,2025-06-09
13,6,Network Engineer,2025-07-27
14,6,Data Analyst,2025-07-27
15,6,Operations Manager,2025-07-27
16,7,Asset Planner,2025-04-11
17,8,Network Engineer,2026-04-09
18,9,Operations Manager,2025-04-03
19,9,Network Engineer,2025-04-03
20,9,Network Engineer,2025-04-03
21,9,Network Engineer,2025-04-03
22,10,Network Engineer,2025-03-22
23,10,Operations Manager,2025-03-22
24,10,Data Analyst,2025-03-22
25,10,Asset Planner,2025-03-22
26,11,Data Analyst,2025-05-25
27,11,Operations Manager,2025-05-25
28,12,Data Analyst,2025-07-07
29,12,Data Analyst,2025-07-07
30,12,Data Analyst,2025-07-07
31,12,Network Engineer,2025-07-07
32,13,Operations Manager,2026-05-22
33,13,Network Engineer,2026-05-22
34,14,Data Analyst,2026-03-13
35,14,Asset Planner,2026-03-13
36,15,Network Engineer,2026-02-11
37,15,Network Engineer,2026-02-11
38,16,Data Analyst,2026-03-28
39,16,Data Analyst,2026-03-28
40,16,Data Analyst,2026-03-28
41,17,Asset Planner,2026-05-14
42,17,Data Analyst,2026-05-14
43,18,Asset Planner,2025-07-18
44,18,Operations Manager,2025-07-18
45,18,Asset Planner,2025-07-18
46,19,Network Engineer,2025-05-29
47,20,Network Engineer,2026-05-09
48,20,Asset Planner,2026-05-09
49,20,Asset Planner,2026-05-09
50,20,Network Engineer,2026-05-09
51,21,Network Engineer,2025-12-29
52,22,Network Engineer,2025-04-30
53,22,Asset Planner,2025-04-30
54,22,Network Engineer,2025-04-30
55,22,Data Analyst,2025-04-30
56,23,Asset Planner,2026-01-27
57,23,Asset Planner,2026-01-27
58,23,Network Engineer,2026-01-27
59,23,Asset Planner,2026-01-27
60,24,Asset Planner,2026-05-23
61,24,Operations Manager,2026-05-23
62,24,Operations Manager,2026-05-23
63,25,Operations Manager,2025-06-30
64,25,Asset Planner,2025-06-30
65,26,Data Analyst,2026-05-01
66,26,Operations Manager,2026-05-01
67,27,Network Engineer,2025-04-13
68,27,Asset Planner,2025-04-13
69,27,Data Analyst,2025-04-13
70,28,Network Engineer,2025-05-13
71,28,Operations Manager,2025-05-13
72,28,Data Analyst,2025-05-13
73,28,Operations Manager,2025-05-13
74,29,Data Analyst,2026-01-05
75,29,Asset Planner,2026-01-05
76,29,Operations Manager,2026-01-05
77,29,Data Analyst,2026-01-05
78,30,Data Analyst,2026-05-19
79,30,Asset Planner,2026-05-19
80,31,Operations Manager,2026-01-18
81,31,Asset Planner,2026-01-18
82,32,Network Engineer,2026-06-04
83,32,Data Analyst,2026-06-04
84,32,Data Analyst,2026-06-04
85,32,Asset Planner,2026-06-04
86,33,Asset Planner,2026-01-12
87,33,Operations Manager,2026-01-12
88,33,Asset Planner,2026-01-12
89,33,Operations Manager,2026-01-12
90,34,Data Analyst,2025-05-18
91,35,Network Engineer,2025-06-20
92,35,Asset Planner,2025-06-20
93,35,Network Engineer,2025-06-20
94,36,Data Analyst,2026-01-01
95,36,Network Engineer,2026-01-01
96,36,Network Engineer,2026-01-01
97,37,Asset Planner,2026-01-25
98,37,Data Analyst,2026-01-25
99,38,Operations Manager,2026-02-08
100,38,Operations Manager,2026-02-08
101,39,Asset Planner,2025-05-26
102,40,Network Engineer,2026-05-21
103,40,Data Analyst,2026-05-21
104,41,Asset Planner,2026-04-09
105,41,Data Analyst,2026-04-09
106,42,Operations Manager,2025-07-27
107,42,Operations Manager,2025-07-27
108,43,Data Analyst,2026-06-06
109,43,Operations Manager,2026-06-06
110,43,Operations Manager,2026-06-06
111,43,Operations Manager,2026-06-06
112,44,Data Analyst,2026-04-27
113,44,Data Analyst,2026-04-27
114,44,Network Engineer,2026-04-27
115,45,Operations Manager,2025-05-08
116,45,Asset Planner,2025-05-08
117,45,Operations Manager,2025-05-08
118,45,Operations Manager,2025-05-08
119,46,Network Engineer,2026-04-09
120,46,Asset Planner,2026-04-09
121,46,Asset Planner,2026-04-09
122,46,Network Engineer,2026-04-09
123,47,Data Analyst,2026-01-09
124,47,Operations Manager,2026-01-09
125,47,Asset Planner,2026-01-09
126,48,Operations Manager,2025-05-03
127,48,Asset Planner,2025-05-03
128,49,Asset Planner,2025-03-27
129,49,Data Analyst,2025-03-27
130,49,Operations Manager,2025-03-27
131,49,Operations Manager,2025-03-27
132,50,Data Analyst,2026-03-31
133,50,Data Analyst,2026-03-31
134,50,Asset Planner,2026-03-31
135,50,Operations Manager,2026-03-31
136,51,Asset Planner,2026-06-10
137,51,Data Analyst,2026-06-10
138,52,Network Engineer,2026-06-01
139,52,Network Engineer,2026-06-01
140,53,Network Engineer,2026-01-24
141,54,Data Analyst,2025-04-04
142,55,Asset Planner,2025-05-25
143,55,Network Engineer,2025-05-25
144,56,Network Engineer,2025-03-20
145,56,Asset Planner,2025-03-20
146,57,Operations Manager,2025-06-21
147,57,Network Engineer,2025-06-21
148,57,Data Analyst,2025-06-21
149,57,Data Analyst,2025-06-21
150,58,Network Engineer,2025-06-04
151,59,Network Engineer,2026-05-19
152,59,Network Engineer,2026-05-19
153,59,Operations Manager,2026-05-19
154,59,Operations Manager,2026-05-19
155,60,Data Analyst,2026-01-16
156,61,Network Engineer,2025-04-21
157,61,Network Engineer,2025-04-21
158,62,Asset Planner,2025-04-29
159,62,Asset Planner,2025-04-29
160,63,Operations Manager,2026-06-07
161,63,Operations Manager,2026-06-07
162,63,Data Analyst,2026-06-07
163,64,Operations Manager,2025-06-16
164,65,Data Analyst,2025-04-16
165,65,Asset Planner,2025-04-16
166,65,Asset Planner,2025-04-16
167,65,Operations Manager,2025-04-16
168,66,Network Engineer,2026-01-30
169,67,Data Analyst,2025-06-04
170,68,Data Analyst,2025-04-08
171,68,Data Analyst,2025-04-08
172,68,Network Engineer,2025-04-08
173,68,Network Engineer,2025-04-08
174,69,Network Engineer,2025-04-20
175,69,Data Analyst,2025-04-20
176,70,Operations Manager,2026-03-05
177,70,Network Engineer,2026-03-05
178,70,Network Engineer,2026-03-05
179,70,Asset Planner,2026-03-05
180,71,Data Analyst,2026-02-28
181,71,Operations Manager,2026-02-28
182,72,Network Engineer,2026-01-13
183,73,Network Engineer,2026-04-05
184,73,Asset Planner,2026-04-05
185,73,Operations Manager,2026-04-05
186,74,Asset Planner,2025-05-30
187,75,Data Analyst,2025-07-22
188,75,Network Engineer,2025-07-22
189,76,Asset Planner,2025-05-01
190,76,Asset Planner,2025-05-01
191,76,Data Analyst,2025-05-01
192,77,Data Analyst,2025-05-07
193,77,Asset Planner,2025-05-07
194,77,Network Engineer,2025-05-07
195,78,Network Engineer,2026-02-21
196,78,Network Engineer,2026-02-21
197,78,Data Analyst,2026-02-21
198,79,Network Engineer,2026-03-04
199,79,Operations Manager,2026-03-04
200,80,Operations Manager,2026-05-16
201,80,Network Engineer,2026-05-16
202,80,Operations Manager,2026-05-16
203,80,Data Analyst,2026-05-16
204,81,Asset Planner,2025-05-22
205,81,Operations Manager,2025-05-22
206,81,Data Analyst,2025-05-22
207,81,Data Analyst,2025-05-22
208,82,Data Analyst,2026-06-01
209,82,Network Engineer,2026-06-01
210,83,Asset Planner,2026-06-05
211,83,Network Engineer,2026-06-05
212,83,Network Engineer,2026-06-05
213,84,Asset Planner,2026-06-02
214,84,Data Analyst,2026-06-02
215,84,Asset Planner,2026-06-02
216,85,Operations Manager,2025-04-13
217,85,Operations Manager,2025-04-13
218,85,Network Engineer,2025-04-13
219,85,Network Engineer,2025-04-13
220,86,Operations Manager,2026-01-31
221,87,Operations Manager,2025-06-01
222,87,Operations Manager,2025-06-01
223,87,Network Engineer,2025-06-01
224,87,Asset Planner,2025-06-01
225,88,Asset Planner,2026-02-26
226,89,Data Analyst,2026-02-19
227,89,Data Analyst,2026-02-19
228,89,Network Engineer,2026-02-19
229,89,Network Engineer,2026-02-19
230,90,Operations Manager,2026-03-09
231,91,Operations Manager,2025-07-20
232,92,Network Engineer,2026-05-23
233,92,Operations Manager,2026-05-23
234,92,Data Analyst,2026-05-23
235,92,Data Analyst,2026-05-23
236,93,Asset Planner,2025-06-17
237,94,Data Analyst,2025-12-03
238,94,Asset Planner,2025-12-03
239,95,Operations Manager,2025-12-07
240,95,Operations Manager,2025-12-07
241,96,Data Analyst,2026-04-05
242,96,Asset Planner,2026-04-05
243,96,Network Engineer,2026-04-05
244,97,Data Analyst,2026-02-04
245,97,Operations Manager,2026-02-04
246,98,Operations Manager,2025-06-19
247,98,Data Analyst,2025-06-19
248,98,Network Engineer,2025-06-19
249,98,Operations Manager,2025-06-19
250,99,Asset Planner,2026-06-06
251,99,Data Analyst,2026-06-06
252,99,Asset Planner,2026-06-06
253,100,Network Engineer,2026-02-08
254,100,Asset Planner,2026-02-08
255,100,Operations Manager,2026-02-08
256,100,Network Engineer,2026-02-08
257,101,Operations Manager,2025-05-28
258,101,Data Analyst,2025-05-28
259,101,Operations Manager,2025-05-28
260,101,Data Analyst,2025-05-28
261,102,Data Analyst,2026-05-05
262,102,Asset Planner,2026-05-05
263,102,Operations Manager,2026-05-05
264,103,Asset Planner,2026-01-01
265,103,Data Analyst,2026-01-01
266,103,Operations Manager,2026-01-01
267,104,Data Analyst,2025-12-12
268,104,Operations Manager,2025-12-12
269,105,Data Analyst,2026-05-26
270,105,Asset Planner,2026-05-26
271,105,Operations Manager,2026-05-26
272,106,Operations Manager,2025-12-28
273,106,Data Analyst,2025-12-28
274,106,Operations Manager,2025-12-28
275,106,Network Engineer,2025-12-28
276,107,Asset Planner,2026-03-17
277,107,Network Engineer,2026-03-17
278,108,Asset Planner,2026-02-10
279,108,Data Analyst,2026-02-10
280,108,Operations Manager,2026-02-10
281,108,Network Engineer,2026-02-10
282,109,Data Analyst,2025-06-07
283,109,Asset Planner,2025-06-07
284,109,Operations Manager,2025-06-07
285,109,Asset Planner,2025-06-07
286,110,Asset Planner,2025-06-22
287,110,Data Analyst,2025-06-22
288,110,Data Analyst,2025-06-22
289,111,Data Analyst,2026-03-01
290,112,Data Analyst,2026-01-09
291,112,Data Analyst,2026-01-09
292,112,Network Engineer,2026-01-09
293,112,Operations Manager,2026-01-09
294,113,Network Engineer,2026-05-11
295,114,Operations Manager,2026-01-20
296,114,Asset Planner,2026-01-20
297,115,Data Analyst,2025-07-16
298,116,Data Analyst,2026-01-11
299,116,Network Engineer,2026-01-11
300,116,Network Engineer,2026-01-11
301,117,Operations Manager,2025-12-05
302,118,Asset Planner,2025-07-21
303,118,Data Analyst,2025-07-21
304,119,Data Analyst,2026-02-05
305,119,Data Analyst,2026-02-05
306,119,Asset Planner,2026-02-05
307,120,Network Engineer,2025-03-16
308,120,Data Analyst,2025-03-16
309,120,Network Engineer,2025-03-16
310,121,Data Analyst,2025-06-03
311,121,Network Engineer,2025-06-03
312,121,Network Engineer,2025-06-03
313,122,Operations Manager,2026-05-03
314,122,Operations Manager,2026-05-03
315,123,Data Analyst,2026-04-18
316,123,Asset Planner,2026-04-18
317,123,Data Analyst,2026-04-18
318,124,Data Analyst,2025-07-03
319,124,Network Engineer,2025-07-03
320,124,Data Analyst,2025-07-03
321,125,Operations Manager,2026-03-21
322,125,Network Engineer,2026-03-21
323,125,Operations Manager,2026-03-21
324,125,Network Engineer,2026-03-21
325,126,Network Engineer,2025-05-27
326,127,Network Engineer,2026-03-03
327,127,Asset Planner,2026-03-03
328,127,Asset Planner,2026-03-03
329,128,Asset Planner,2026-03-19
330,128,Operations Manager,2026-03-19
331,129,Data Analyst,2025-03-16
332,129,Asset Planner,2025-03-16
333,129,Data Analyst,2025-03-16
334,129,Asset Planner,2025-03-16
335,130,Data Analyst,2025-07-18
336,130,Data Analyst,2025-07-18
337,131,Asset Planner,2026-02-07
338,132,Data Analyst,2026-01-29
339,132,Data Analyst,2026-01-29
340,132,Network Engineer,2026-01-29
341,132,Asset Planner,2026-01-29
342,133,Operations Manager,2025-07-29
343,133,Network Engineer,2025-07-29
344,134,Asset Planner,2026-04-22
345,135,Operations Manager,2026-02-09
346,135,Asset Planner,2026-02-09
347,135,Data Analyst,2026-02-09
348,136,Operations Manager,2026-03-14
349,137,Operations Manager,2026-01-08
350,137,Data Analyst,2026-01-08
351,137,Data Analyst,2026-01-08
352,137,Network Engineer,2026-01-08
353,138,Operations Manager,2025-06-05
354,138,Data Analyst,2025-06-05
355,138,Asset Planner,2025-06-05
356,139,Network Engineer,2026-05-03
357,139,Asset Planner,2026-05-03
358,139,Operations Manager,2026-05-03
359,140,Asset Planner,2025-07-13
360,141,Network Engineer,2025-05-18
361,141,Asset Planner,2025-05-18
362,141,Operations Manager,2025-05-18
363,142,Data Analyst,2026-03-04
364,142,Data Analyst,2026-03-04
365,143,Data Analyst,2025-04-05
366,143,Data Analyst,2025-04-05
367,144,Data Analyst,2026-02-28
368,144,Asset Planner,2026-02-28
369,145,Data Analyst,2025-04-08
370,145,Operations Manager,2025-04-08
371,146,Asset Planner,2026-01-22
372,146,Operations Manager,2026-01-22
373,147,Network Engineer,2026-03-18
374,147,Operations Manager,2026-03-18
375,147,Network Engineer,2026-03-18
376,147,Data Analyst,2026-03-18
377,148,Asset Planner,2025-05-31
378,148,Data Analyst,2025-05-31
379,149,Data Analyst,2026-01-07
380,149,Data Analyst,2026-01-07
381,149,Data Analyst,2026-01-07
382,149,Data Analyst,2026-01-07
383,150,Asset Planner,2025-12-21
384,150,Network Engineer,2025-12-21
385,150,Network Engineer,2025-12-21
386,150,Asset Planner,2025-12-21
387,151,Network Engineer,2025-06-10
388,151,Operations Manager,2025-06-10
389,151,Asset Planner,2025-06-10
390,152,Asset Planner,2025-06-17
391,152,Data Analyst,2025-06-17
392,152,Data Analyst,2025-06-17
393,153,Network Engineer,2026-01-13
394,154,Operations Manager,2025-04-11
395,154,Network Engineer,2025-04-11
396,154,Data Analyst,2025-04-11
397,155,Data Analyst,2025-06-30
398,155,Network Engineer,2025-06-30
399,156,Operations Manager,2025-04-15
400,156,Network Engineer,2025-04-15
401,157,Operations Manager,2026-02-26
402,157,Operations Manager,2026-02-26
403,157,Network Engineer,2026-02-26
404,157,Data Analyst,2026-02-26
405,158,Asset Planner,2025-05-30
406,159,Operations Manager,2025-05-22
407,159,Data Analyst,2025-05-22
408,160,Asset Planner,2026-04-26
409,160,Asset Planner,2026-04-26
410,161,Network Engineer,2026-02-01
411,161,Operations Manager,2026-02-01
412,162,Asset Planner,2025-05-18
413,162,Operations Manager,2025-05-18
414,162,Operations Manager,2025-05-18
415,163,Operations Manager,2025-04-02
416,163,Network Engineer,2025-04-02
417,163,Asset Planner,2025-04-02
418,164,Network Engineer,2025-06-13
419,164,Operations Manager,2025-06-13
420,164,Asset Planner,2025-06-13
421,164,Asset Planner,2025-06-13
422,165,Asset Planner,2026-02-26
423,165,Operations Manager,2026-02-26
424,166,Data Analyst,2026-02-18
425,166,Data Analyst,2026-02-18
426,167,Operations Manager,2026-02-13
427,167,Data Analyst,2026-02-13
428,168,Data Analyst,2025-06-18
429,168,Network Engineer,2025-06-18
430,168,Network Engineer,2025-06-18
431,168,Data Analyst,2025-06-18
432,169,Operations Manager,2025-04-18
433,169,Data Analyst,2025-04-18
434,169,Data Analyst,2025-04-18
435,170,Network Engineer,2025-12-27
436,170,Network Engineer,2025-12-27
437,170,Data Analyst,2025-12-27
438,171,Network Engineer,2025-12-04
439,171,Data Analyst,2025-12-04
440,171,Asset Planner,2025-12-04
441,172,Asset Planner,2026-05-30
442,172,Data Analyst,2026-05-30
443,172,Operations Manager,2026-05-30
444,172,Operations Manager,2026-05-30
445,173,Operations Manager,2026-03-24
446,173,Asset Planner,2026-03-24
447,173,Data Analyst,2026-03-24
448,174,Network Engineer,2025-05-05
449,174,Network Engineer,2025-05-05
450,174,Network Engineer,2025-05-05
451,175,Network Engineer,2026-06-11
452,175,Network Engineer,2026-06-11
453,175,Asset Planner,2026-06-11
454,175,Data Analyst,2026-06-11
455,176,Network Engineer,2025-12-16
456,176,Data Analyst,2025-12-16
457,176,Asset Planner,2025-12-16
458,176,Asset Planner,2025-12-16
459,177,Asset Planner,2025-05-01
460,177,Operations Manager,2025-05-01
461,177,Network Engineer,2025-05-01
462,178,Operations Manager,2025-07-20
463,178,Network Engineer,2025-07-20
464,178,Operations Manager,2025-07-20
465,179,Network Engineer,2025-05-31
466,179,Data Analyst,2025-05-31
467,180,Asset Planner,2026-06-07
468,180,Data Analyst,2026-06-07
469,180,Network Engineer,2026-06-07
470,181,Network Engineer,2025-07-07
471,182,Data Analyst,2025-05-15
472,182,Network Engineer,2025-05-15
473,183,Asset Planner,2026-03-02
474,183,Data Analyst,2026-03-02
475,184,Network Engineer,2025-05-27
476,185,Network Engineer,2025-04-08
477,185,Data Analyst,2025-04-08
478,185,Asset Planner,2025-04-08
479,186,Network Engineer,2026-04-17
480,186,Asset Planner,2026-04-17
481,186,Data Analyst,2026-04-17
482,186,Network Engineer,2026-04-17
483,187,Network Engineer,2025-07-24
484,188,Operations Manager,2025-07-14
485,188,Operations Manager,2025-07-14
486,188,Asset Planner,2025-07-14
487,189,Asset Planner,2026-04-27
488,189,Asset Planner,2026-04-27
489,189,Network Engineer,2026-04-27
490,189,Network Engineer,2026-04-27
491,190,Data Analyst,2025-06-05
492,190,Operations Manager,2025-06-05
493,191,Asset Planner,2026-01-22
494,191,Data Analyst,2026-01-22
495,192,Asset Planner,2025-12-21
496,192,Network Engineer,2025-12-21
497,192,Network Engineer,2025-12-21
498,192,Asset Planner,2025-12-21
499,193,Data Analyst,2026-05-20
500,194,Data Analyst,2025-07-14
501,194,Operations Manager,2025-07-14
502,194,Asset Planner,2025-07-14
503,195,Operations Manager,2025-12-18
504,195,Network Engineer,2025-12-18
505,196,Operations Manager,2026-04-03
506,196,Network Engineer,2026-04-03
507,197,Asset Planner,2025-12-27
508,197,Asset Planner,2025-12-27
509,197,Data Analyst,2025-12-27
510,198,Network Engineer,2025-12-06
511,198,Asset Planner,2025-12-06
512,198,Data Analyst,2025-12-06
513,199,Network Engineer,2026-04-29
514,199,Asset Planner,2026-04-29
515,199,Data Analyst,2026-04-29
516,199,Network Engineer,2026-04-29
517,200,Operations Manager,2025-06-04
518,201,Asset Planner,2026-04-24
519,201,Data Analyst,2026-04-24
520,201,Data Analyst,2026-04-24
521,202,Asset Planner,2026-03-09
522,202,Data Analyst,2026-03-09
523,202,Network Engineer,2026-03-09
524,203,Network Engineer,2025-03-30
525,204,Operations Manager,2026-03-19
526,205,Network Engineer,2026-05-10
527,205,Network Engineer,2026-05-10
528,206,Operations Manager,2025-12-03
529,206,Data Analyst,2025-12-03
530,206,Data Analyst,2025-12-03
531,206,Data Analyst,2025-12-03
532,207,Asset Planner,2025-05-05
533,208,Network Engineer,2026-05-14
534,208,Operations Manager,2026-05-14
535,208,Network Engineer,2026-05-14
536,209,Asset Planner,2025-06-01
537,209,Operations Manager,2025-06-01
538,210,Network Engineer,2026-02-23
539,210,Operations Manager,2026-02-23
540,210,Data Analyst,2026-02-23
541,210,Asset Planner,2026-02-23
542,211,Asset Planner,2026-01-24
543,212,Data Analyst,2025-06-17
544,213,Data Analyst,2025-07-13
545,214,Operations Manager,2025-03-15
546,215,Network Engineer,2026-04-27
547,215,Network Engineer,2026-04-27
548,216,Network Engineer,2026-03-18
549,216,Asset Planner,2026-03-18
550,217,Operations Manager,2026-04-07
551,217,Operations Manager,2026-04-07
552,217,Asset Planner,2026-04-07
553,217,Operations Manager,2026-04-07
554,218,Operations Manager,2026-03-21
555,218,Network Engineer,2026-03-21
556,219,Operations Manager,2025-04-09
557,220,Operations Manager,2025-03-19
558,220,Network Engineer,2025-03-19
559,220,Operations Manager,2025-03-19
560,220,Network Engineer,2025-03-19
561,221,Data Analyst,2026-03-19
562,221,Operations Manager,2026-03-19
563,221,Network Engineer,2026-03-19
564,221,Data Analyst,2026-03-19
565,222,Operations Manager,2026-06-02
566,222,Asset Planner,2026-06-02
567,223,Network Engineer,2025-06-02
568,223,Network Engineer,2025-06-02
569,223,Asset Planner,2025-06-02
570,224,Network Engineer,2026-04-29
571,225,Asset Planner,2026-03-21
572,226,Data Analyst,2026-06-01
573,227,Data Analyst,2025-03-12
574,227,Asset Planner,2025-03-12
575,227,Asset Planner,2025-03-12
576,228,Data Analyst,2026-02-22
577,229,Operations Manager,2025-04-13
578,229,Asset Planner,2025-04-13
579,230,Operations Manager,2026-01-16
580,230,Operations Manager,2026-01-16
581,230,Network Engineer,2026-01-16
582,230,Operations Manager,2026-01-16
583,231,Network Engineer,2026-04-14
584,232,Asset Planner,2025-04-24
585,232,Network Engineer,2025-04-24
586,233,Network Engineer,2025-05-25
587,233,Data Analyst,2025-05-25
588,233,Operations Manager,2025-05-25
589,233,Operations Manager,2025-05-25
590,234,Network Engineer,2026-05-26
591,234,Data Analyst,2026-05-26
592,234,Network Engineer,2026-05-26
593,235,Asset Planner,2025-04-29
594,235,Operations Manager,2025-04-29
595,235,Operations Manager,2025-04-29
596,236,Data Analyst,2025-07-22
597,236,Operations Manager,2025-07-22
598,237,Asset Planner,2025-12-08
599,237,Asset Planner,2025-12-08
600,237,Asset Planner,2025-12-08
601,237,Network Engineer,2025-12-08
602,238,Network Engineer,2026-02-26
603,238,Asset Planner,2026-02-26
604,238,Operations Manager,2026-02-26
605,238,Network Engineer,2026-02-26
606,239,Network Engineer,2025-07-18
607,239,Data Analyst,2025-07-18
608,239,Operations Manager,2025-07-18
609,240,Asset Planner,2025-04-07
610,241,Data Analyst,2025-06-27
611,241,Data Analyst,2025-06-27
612,242,Asset Planner,2026-04-16
613,243,Network Engineer,2025-05-25
614,243,Network Engineer,2025-05-25
615,243,Asset Planner,2025-05-25
616,244,Operations Manager,2025-06-08
617,244,Data Analyst,2025-06-08
618,244,Network Engineer,2025-06-08
619,244,Network Engineer,2025-06-08
620,245,Data Analyst,2026-04-05
621,245,Network Engineer,2026-04-05
622,246,Data Analyst,2026-04-02
623,247,Asset Planner,2025-04-19
624,247,Operations Manager,2025-04-19
625,248,Operations Manager,2025-12-09
626,248,Data Analyst,2025-12-09
627,248,Operations Manager,2025-12-09
628,249,Data Analyst,2025-05-21
629,249,Operations Manager,2025-05-21
630,249,Asset Planner,2025-05-21
631,250,Asset Planner,2026-02-17
632,251,Network Engineer,2025-12-19
633,251,Asset Planner,2025-12-19
634,252,Asset Planner,2026-05-12
635,253,Data Analyst,2025-03-29
636,253,Operations Manager,2025-03-29
637,253,Data Analyst,2025-03-29
638,253,Network Engineer,2025-03-29
639,254,Asset Planner,2026-06-10
640,254,Data Analyst,2026-06-10
641,254,Operations Manager,2026-06-10
642,255,Operations Manager,2025-04-10
643,255,Network Engineer,2025-04-10
644,255,Network Engineer,2025-04-10
645,255,Asset Planner,2025-04-10
646,256,Network Engineer,2026-03-26
647,256,Asset Planner,2026-03-26
648,256,Operations Manager,2026-03-26
649,257,Network Engineer,2025-05-23
650,257,Asset Planner,2025-05-23
651,258,Data Analyst,2025-04-09
652,258,Network Engineer,2025-04-09
653,258,Operations Manager,2025-04-09
654,259,Asset Planner,2025-04-28
655,259,Network Engineer,2025-04-28
656,259,Data Analyst,2025-04-28
657,260,Asset Planner,2025-04-08
658,260,Network Engineer,2025-04-08
659,260,Data Analyst,2025-04-08
660,260,Network Engineer,2025-04-08
661,261,Network Engineer,2026-01-24
662,261,Network Engineer,2026-01-24
663,262,Asset Planner,2025-07-04
664,263,Asset Planner,2025-03-24
665,263,Data Analyst,2025-03-24
666,264,Network Engineer,2025-12-29
667,264,Operations Manager,2025-12-29
668,264,Network Engineer,2025-12-29
669,265,Network Engineer,2025-07-03
670,266,Data Analyst,2025-05-22
671,266,Asset Planner,2025-05-22
672,267,Operations Manager,2026-02-05
673,268,Network Engineer,2026-02-17
674,269,Network Engineer,2026-03-24
675,269,Asset Planner,2026-03-24
676,269,Data Analyst,2026-03-24
677,269,Data Analyst,2026-03-24
678,270,Network Engineer,2025-04-25
679,270,Data Analyst,2025-04-25
680,270,Data Analyst,2025-04-25
681,270,Asset Planner,2025-04-25
682,271,Asset Planner,2026-06-02
683,271,Asset Planner,2026-06-02
684,271,Operations Manager,2026-06-02
685,272,Data Analyst,2025-04-29
686,272,Asset Planner,2025-04-29
687,272,Network Engineer,2025-04-29
688,273,Operations Manager,2026-01-27
689,273,Data Analyst,2026-01-27
690,274,Data Analyst,2026-02-22
691,274,Network Engineer,2026-02-22
692,274,Network Engineer,2026-02-22
693,274,Operations Manager,2026-02-22
694,275,Asset Planner,2025-07-24
695,275,Data Analyst,2025-07-24
696,275,Asset Planner,2025-07-24
697,275,Asset Planner,2025-07-24
698,276,Data Analyst,2025-06-11
699,277,Data Analyst,2025-03-22
700,277,Data Analyst,2025-03-22
701,277,Operations Manager,2025-03-22
702,278,Data Analyst,2026-05-25
703,278,Operations Manager,2026-05-25
704,278,Asset Planner,2026-05-25
705,279,Operations Manager,2025-04-17
706,280,Network Engineer,2026-03-04
707,280,Operations Manager,2026-03-04
708,281,Data Analyst,2025-03-31
709,282,Asset Planner,2025-04-03
710,282,Asset Planner,2025-04-03
711,282,Network Engineer,2025-04-03
712,283,Asset Planner,2026-02-11
713,283,Operations Manager,2026-02-11
714,284,Asset Planner,2025-05-04
715,285,Operations Manager,2025-04-07
716,285,Asset Planner,2025-04-07
717,285,Asset Planner,2025-04-07
718,285,Asset Planner,2025-04-07
719,286,Operations Manager,2026-01-03
720,286,Network Engineer,2026-01-03
721,286,Operations Manager,2026-01-03
722,287,Asset Planner,2026-03-29
723,287,Data Analyst,2026-03-29
724,288,Asset Planner,2025-05-12
725,288,Data Analyst,2025-05-12
726,288,Network Engineer,2025-05-12
727,289,Network Engineer,2026-02-13
728,290,Asset Planner,2025-05-05
729,290,Network Engineer,2025-05-05
730,291,Network Engineer,2026-05-27
731,291,Operations Manager,2026-05-27
732,291,Asset Planner,2026-05-27
733,291,Asset Planner,2026-05-27
734,292,Asset Planner,2026-01-22
735,292,Operations Manager,2026-01-22
736,292,Network Engineer,2026-01-22
737,293,Asset Planner,2025-06-24
738,294,Network Engineer,2025-12-07
739,294,Operations Manager,2025-12-07
740,295,Operations Manager,2025-04-01
741,296,Network Engineer,2025-06-11
742,296,Operations Manager,2025-06-11
743,296,Operations Manager,2025-06-11
744,296,Operations Manager,2025-06-11
745,297,Asset Planner,2026-01-22
746,297,Data Analyst,2026-01-22
747,298,Operations Manager,2026-05-12
748,298,Asset Planner,2026-05-12
749,298,Operations Manager,2026-05-12
750,298,Asset Planner,2026-05-12
751,299,Data Analyst,2025-12-27
752,299,Operations Manager,2025-12-27
753,300,Asset Planner,2026-04-18
754,300,Asset Planner,2026-04-18
755,300,Network Engineer,2026-04-18
756,301,Network Engineer,2025-05-29
757,301,Asset Planner,2025-05-29
758,301,Operations Manager,2025-05-29
759,301,Asset Planner,2025-05-29
760,302,Data Analyst,2025-07-07
761,303,Operations Manager,2026-02-24
762,303,Network Engineer,2026-02-24
763,304,Operations Manager,2026-02-24
764,304,Operations Manager,2026-02-24
765,305,Network Engineer,2026-05-12
766,305,Operations Manager,2026-05-12
767,306,Network Engineer,2025-04-24
768,306,Operations Manager,2025-04-24
769,306,Asset Planner,2025-04-24
770,306,Asset Planner,2025-04-24
771,307,Operations Manager,2025-07-16
772,308,Network Engineer,2026-04-03
773,308,Network Engineer,2026-04-03
774,308,Network Engineer,2026-04-03
775,309,Data Analyst,2026-03-16
776,309,Data Analyst,2026-03-16
777,309,Asset Planner,2026-03-16
778,309,Data Analyst,2026-03-16
779,310,Data Analyst,2025-12-29
780,310,Operations Manager,2025-12-29
781,310,Data Analyst,2025-12-29
782,310,Network Engineer,2025-12-29
783,311,Asset Planner,2025-06-30
784,311,Asset Planner,2025-06-30
785,311,Data Analyst,2025-06-30
786,311,Network Engineer,2025-06-30
787,312,Operations Manager,2025-04-29
788,313,Operations Manager,2026-03-16
789,314,Network Engineer,2026-02-04
790,314,Network Engineer,2026-02-04
791,314,Operations Manager,2026-02-04
792,315,Data Analyst,2026-03-26
793,315,Asset Planner,2026-03-26
794,316,Network Engineer,2025-07-07
795,317,Data Analyst,2026-03-20
796,317,Network Engineer,2026-03-20
797,317,Data Analyst,2026-03-20
798,318,Data Analyst,2026-05-31
799,318,Asset Planner,2026-05-31
800,319,Network Engineer,2026-02-24
801,320,Asset Planner,2025-07-13
802,320,Asset Planner,2025-07-13
803,320,Data Analyst,2025-07-13
804,321,Operations Manager,2026-04-07
805,321,Operations Manager,2026-04-07
806,321,Asset Planner,2026-04-07
807,322,Network Engineer,2025-07-10
808,323,Data Analyst,2025-04-18
809,323,Asset Planner,2025-04-18
810,323,Network Engineer,2025-04-18
811,323,Operations Manager,2025-04-18
812,324,Data Analyst,2025-04-26
813,325,Operations Manager,2025-12-10
814,326,Asset Planner,2025-07-11
815,326,Network Engineer,2025-07-11
816,326,Network Engineer,2025-07-11
817,326,Asset Planner,2025-07-11
818,327,Operations Manager,2026-05-20
819,327,Network Engineer,2026-05-20
820,328,Network Engineer,2025-06-11
821,328,Operations Manager,2025-06-11
822,328,Data Analyst,2025-06-11
823,328,Data Analyst,2025-06-11
824,329,Operations Manager,2026-03-05
825,329,Network Engineer,2026-03-05
826,329,Data Analyst,2026-03-05
827,329,Asset Planner,2026-03-05
828,330,Data Analyst,2025-06-02
829,330,Operations Manager,2025-06-02
830,330,Asset Planner,2025-06-02
831,331,Network Engineer,2026-01-05
832,331,Operations Manager,2026-01-05
833,331,Data Analyst,2026-01-05
834,331,Data Analyst,2026-01-05
835,332,Asset Planner,2025-03-23
836,332,Operations Manager,2025-03-23
837,332,Network Engineer,2025-03-23
838,333,Network Engineer,2025-04-14
839,333,Network Engineer,2025-04-14
840,334,Data Analyst,2025-12-31
841,334,Asset Planner,2025-12-31
842,334,Network Engineer,2025-12-31
843,335,Data Analyst,2026-02-02
844,335,Data Analyst,2026-02-02
845,335,Asset Planner,2026-02-02
846,335,Data Analyst,2026-02-02
847,336,Network Engineer,2025-04-05
848,336,Data Analyst,2025-04-05
849,336,Network Engineer,2025-04-05
850,337,Network Engineer,2025-12-29
851,337,Data Analyst,2025-12-29
852,338,Asset Planner,2025-12-16
853,338,Asset Planner,2025-12-16
854,339,Asset Planner,2026-04-02
855,339,Network Engineer,2026-04-02
856,340,Network Engineer,2026-01-22
857,340,Data Analyst,2026-01-22
858,340,Asset Planner,2026-01-22
859,340,Asset Planner,2026-01-22
860,341,Operations Manager,2025-06-29
861,341,Network Engineer,2025-06-29
862,341,Network Engineer,2025-06-29
863,342,Data Analyst,2026-06-05
864,342,Operations Manager,2026-06-05
865,342,Operations Manager,2026-06-05
866,342,Data Analyst,2026-06-05
867,343,Data Analyst,2026-03-08
868,344,Data Analyst,2026-04-03
869,345,Asset Planner,2025-07-18
870,345,Network Engineer,2025-07-18
871,346,Network Engineer,2026-02-13
872,347,Operations Manager,2026-02-16
873,347,Data Analyst,2026-02-16
874,347,Operations Manager,2026-02-16
875,348,Data Analyst,2025-07-19
876,348,Data Analyst,2025-07-19
877,348,Network Engineer,2025-07-19
878,348,Asset Planner,2025-07-19
879,349,Data Analyst,2025-05-09
880,349,Asset Planner,2025-05-09
881,349,Data Analyst,2025-05-09
882,350,Data Analyst,2025-06-05
883,351,Asset Planner,2026-04-14
884,351,Network Engineer,2026-04-14
885,351,Data Analyst,2026-04-14
886,352,Operations Manager,2026-02-18
887,352,Network Engineer,2026-02-18
888,352,Operations Manager,2026-02-18
889,353,Operations Manager,2026-02-28
890,353,Operations Manager,2026-02-28
891,353,Data Analyst,2026-02-28
892,354,Asset Planner,2025-07-03
893,355,Operations Manager,2026-05-25
894,355,Data Analyst,2026-05-25
895,356,Operations Manager,2026-02-24
896,356,Data Analyst,2026-02-24
897,356,Network Engineer,2026-02-24
898,357,Data Analyst,2026-03-30
899,357,Asset Planner,2026-03-30
900,358,Data Analyst,2025-07-08
901,358,Operations Manager,2025-07-08
902,358,Network Engineer,2025-07-08
903,358,Asset Planner,2025-07-08
904,359,Operations Manager,2025-12-10
905,360,Asset Planner,2025-04-23
906,360,Network Engineer,2025-04-23
907,360,Asset Planner,2025-04-23
908,360,Asset Planner,2025-04-23
909,361,Network Engineer,2026-05-29
910,361,Asset Planner,2026-05-29
911,362,Data Analyst,2025-04-16
912,363,Operations Manager,2026-02-02
913,364,Operations Manager,2025-04-01
914,364,Operations Manager,2025-04-01
915,365,Data Analyst,2026-04-09
916,365,Network Engineer,2026-04-09
917,365,Network Engineer,2026-04-09
918,365,Asset Planner,2026-04-09
919,366,Data Analyst,2026-01-12
920,366,Data Analyst,2026-01-12
921,366,Asset Planner,2026-01-12
922,367,Operations Manager,2026-03-06
923,367,Operations Manager,2026-03-06
924,367,Asset Planner,2026-03-06
925,367,Operations Manager,2026-03-06
926,368,Operations Manager,2025-05-22
927,369,Data Analyst,2025-03-16
928,370,Asset Planner,2026-01-13
929,371,Asset Planner,2026-03-09
930,371,Asset Planner,2026-03-09
931,372,Operations Manager,2025-04-01
932,372,Data Analyst,2025-04-01
933,373,Network Engineer,2025-07-01
934,374,Asset Planner,2026-05-31
935,374,Asset Planner,2026-05-31
936,374,Network Engineer,2026-05-31
937,374,Asset Planner,2026-05-31
938,375,Operations Manager,2026-01-01
939,375,Operations Manager,2026-01-01
940,375,Data Analyst,2026-01-01
941,376,Operations Manager,2025-05-22
942,376,Data Analyst,2025-05-22
943,376,Operations Manager,2025-05-22
944,376,Asset Planner,2025-05-22
945,377,Operations Manager,2025-05-31
946,377,Data Analyst,2025-05-31
947,377,Network Engineer,2025-05-31
948,377,Network Engineer,2025-05-31
949,378,Operations Manager,2026-02-02
950,378,Operations Manager,2026-02-02
951,378,Network Engineer,2026-02-02
952,379,Network Engineer,2026-01-22
953,379,Operations Manager,2026-01-22
954,379,Operations Manager,2026-01-22
955,379,Operations Manager,2026-01-22
956,380,Operations Manager,2025-03-21
957,380,Operations Manager,2025-03-21
958,380,Asset Planner,2025-03-21
959,381,Asset Planner,2026-03-26
960,381,Network Engineer,2026-03-26
961,382,Operations Manager,2026-02-11
962,382,Asset Planner,2026-02-11
963,382,Network Engineer,2026-02-11
964,382,Data Analyst,2026-02-11
965,383,Operations Manager,2025-12-21
966,383,Data Analyst,2025-12-21
967,383,Data Analyst,2025-12-21
968,384,Network Engineer,2025-03-27
969,384,Asset Planner,2025-03-27
970,384,Operations Manager,2025-03-27
971,384,Asset Planner,2025-03-27
972,385,Operations Manager,2026-01-31
973,385,Operations Manager,2026-01-31
974,385,Asset Planner,2026-01-31
975,385,Asset Planner,2026-01-31
976,386,Network Engineer,2026-06-04
977,386,Data Analyst,2026-06-04
978,386,Asset Planner,2026-06-04
979,387,Asset Planner,2025-05-27
980,387,Operations Manager,2025-05-27
981,387,Network Engineer,2025-05-27
982,388,Operations Manager,2025-03-24
983,388,Asset Planner,2025-03-24
984,389,Data Analyst,2026-05-30
985,389,Operations Manager,2026-05-30
986,389,Operations Manager,2026-05-30
987,390,Operations Manager,2026-03-10
988,390,Data Analyst,2026-03-10
989,390,Network Engineer,2026-03-10
990,391,Network Engineer,2025-12-26
991,391,Network Engineer,2025-12-26
992,391,Data Analyst,2025-12-26
993,391,Asset Planner,2025-12-26
994,392,Data Analyst,2025-12-28
995,393,Data Analyst,2025-03-24
996,393,Network Engineer,2025-03-24
997,393,Asset Planner,2025-03-24
998,394,Asset Planner,2025-12-16
999,394,Operations Manager,2025-12-16
1000,395,Data Analyst,2026-05-03
1001,395,Asset Planner,2026-05-03
1002,395,Operations Manager,2026-05-03
1003,395,Asset Planner,2026-05-03
1004,396,Data Analyst,2025-07-20
1005,397,Asset Planner,2025-07-14
1006,397,Operations Manager,2025-07-14
1007,397,Network Engineer,2025-07-14
1008,398,Data Analyst,2026-02-06
1009,399,Asset Planner,2025-07-11
1010,399,Asset Planner,2025-07-11
1011,399,Asset Planner,2025-07-11
1012,400,Network Engineer,2025-04-25
1013,400,Asset Planner,2025-04-25
1014,400,Data Analyst,2025-04-25
1015,400,Data Analyst,2025-04-25
1016,401,Data Analyst,2025-03-20
1017,401,Data Analyst,2025-03-20
1018,401,Data Analyst,2025-03-20
1019,401,Network Engineer,2025-03-20
1020,402,Asset Planner,2026-05-07
1021,403,Network Engineer,2025-07-17
1022,403,Operations Manager,2025-07-17
1023,403,Asset Planner,2025-07-17
1024,404,Network Engineer,2025-12-29
1025,405,Asset Planner,2025-12-18
1026,405,Operations Manager,2025-12-18
1027,406,Asset Planner,2025-07-25
1028,406,Network Engineer,2025-07-25
1029,406,Data Analyst,2025-07-25
1030,407,Asset Planner,2026-02-08
1031,407,Network Engineer,2026-02-08
1032,407,Network Engineer,2026-02-08
1033,408,Operations Manager,2026-03-28
1034,408,Data Analyst,2026-03-28
1035,408,Operations Manager,2026-03-28
1036,409,Asset Planner,2025-05-04
1037,409,Operations Manager,2025-05-04
1038,409,Data Analyst,2025-05-04
1039,409,Operations Manager,2025-05-04
1040,410,Asset Planner,2025-03-18
1041,410,Data Analyst,2025-03-18
1042,411,Asset Planner,2025-06-20
1043,412,Asset Planner,2026-03-28
1044,412,Asset Planner,2026-03-28
1045,413,Asset Planner,2025-03-28
1046,414,Operations Manager,2026-02-19
1047,415,Data Analyst,2026-05-14
1048,416,Network Engineer,2026-03-10
1049,416,Network Engineer,2026-03-10
1050,416,Network Engineer,2026-03-10
1051,417,Network Engineer,2025-05-29
1052,418,Data Analyst,2025-06-15
1053,419,Data Analyst,2025-12-19
1054,419,Network Engineer,2025-12-19
1055,419,Operations Manager,2025-12-19
1056,419,Data Analyst,2025-12-19
1057,420,Asset Planner,2026-01-20
1058,420,Network Engineer,2026-01-20
1059,421,Data Analyst,2025-07-01
1060,421,Network Engineer,2025-07-01
1061,421,Operations Manager,2025-07-01
1062,422,Data Analyst,2026-05-28
1063,422,Network Engineer,2026-05-28
1064,423,Operations Manager,2026-03-19
1065,424,Network Engineer,2026-01-16
1066,425,Asset Planner,2025-05-27
1067,425,Asset Planner,2025-05-27
1068,425,Operations Manager,2025-05-27
1069,425,Asset Planner,2025-05-27
1070,426,Data Analyst,2025-05-25
1071,426,Operations Manager,2025-05-25
1072,426,Asset Planner,2025-05-25
1073,427,Data Analyst,2026-03-26
1074,428,Data Analyst,2026-05-02
1075,428,Operations Manager,2026-05-02
1076,429,Network Engineer,2025-06-11
1077,429,Network Engineer,2025-06-11
1078,430,Network Engineer,2025-05-24
1079,431,Asset Planner,2026-05-16
1080,431,Network Engineer,2026-05-16
1081,431,Network Engineer,2026-05-16
1082,431,Network Engineer,2026-05-16
1083,432,Asset Planner,2026-04-18
1084,432,Data Analyst,2026-04-18
1085,432,Operations Manager,2026-04-18
1086,433,Data Analyst,2026-04-30
1087,433,Network Engineer,2026-04-30
1088,433,Network Engineer,2026-04-30
1089,434,Network Engineer,2026-01-29
1090,434,Operations Manager,2026-01-29
1091,435,Operations Manager,2026-01-03
1092,435,Data Analyst,2026-01-03
1093,435,Network Engineer,2026-01-03
1094,436,Network Engineer,2025-05-11
1095,437,Asset Planner,2025-06-02
1096,438,Operations Manager,2026-01-18
1097,438,Operations Manager,2026-01-18
1098,439,Operations Manager,2026-05-09
1099,439,Network Engineer,2026-05-09
1100,439,Operations Manager,2026-05-09
1101,439,Operations Manager,2026-05-09
1102,440,Network Engineer,2026-02-21
1103,440,Data Analyst,2026-02-21
1104,441,Data Analyst,2025-06-03
1105,441,Operations Manager,2025-06-03
1106,441,Data Analyst,2025-06-03
1107,441,Data Analyst,2025-06-03
1108,442,Asset Planner,2025-06-17
1109,442,Network Engineer,2025-06-17
1110,442,Asset Planner,2025-06-17
1111,442,Network Engineer,2025-06-17
1112,443,Network Engineer,2026-02-28
1113,443,Data Analyst,2026-02-28
1114,444,Data Analyst,2025-07-21
1115,444,Asset Planner,2025-07-21
1116,444,Data Analyst,2025-07-21
1117,444,Operations Manager,2025-07-21
1118,445,Asset Planner,2026-02-28
1119,446,Data Analyst,2025-04-22
1120,446,Network Engineer,2025-04-22
1121,446,Data Analyst,2025-04-22
1122,446,Data Analyst,2025-04-22
1123,447,Network Engineer,2025-07-24
1124,448,Operations Manager,2026-04-14
1125,448,Network Engineer,2026-04-14
1126,448,Asset Planner,2026-04-14
1127,449,Network Engineer,2026-04-02
1128,449,Data Analyst,2026-04-02
1129,449,Asset Planner,2026-04-02
1130,450,Operations Manager,2026-01-16
1131,450,Data Analyst,2026-01-16
1132,450,Asset Planner,2026-01-16
1133,450,Network Engineer,2026-01-16
